aa,*,-,?,A,C,D,E,F,G,H,I,K,L,M,N,P,Q,R,S,T,V,W,Y
*,0,1,0,0,0,0,0,0,0,0,0,0,0,0,0,0,0,0,0,0,0,0,0
-,1,0,0,4,0,2,11,1,9,1,0,5,1,0,2,1,8,4,1,4,6,2,3
?,0,11,0,0,0,0,0,0,0,0,0,0,0,0,0,0,0,0,0,0,0,0,0
A,0,5,0,10,0,0,0,0,0,0,0,0,0,0,0,1,0,0,0,1,4,0,0
C,0,0,0,0,0,0,0,0,0,0,0,0,0,0,0,0,0,1,0,0,0,0,2
D,0,0,0,0,0,5,0,0,1,0,0,0,0,0,0,0,0,0,0,0,0,0,0
E,0,2,0,0,0,0,9,0,1,0,0,3,0,0,0,0,1,0,0,0,0,0,0
F,0,0,0,0,0,0,0,2,0,0,1,0,1,0,0,0,0,0,0,0,0,0,0
G,0,1,0,0,1,1,0,0,11,0,0,0,0,0,0,0,0,2,0,0,1,0,0
H,0,2,0,0,0,0,0,0,0,4,0,0,0,0,1,0,0,0,0,0,0,0,0
I,0,0,0,0,0,0,0,0,0,0,1,0,0,1,0,0,0,0,0,1,2,0,0
K,0,2,0,0,0,0,1,0,0,0,0,6,0,0,0,0,0,4,0,0,0,0,0
L,0,0,0,0,0,0,0,1,0,0,1,0,18,1,0,0,0,1,0,0,1,0,0
M,0,0,0,0,0,0,0,0,0,0,2,2,2,0,0,0,0,0,0,1,2,0,0
N,0,0,0,0,0,1,0,0,0,0,0,2,0,0,6,0,0,0,3,0,0,0,0
P,0,1,0,1,0,0,0,0,0,0,0,0,0,0,0,3,0,0,3,0,0,0,0
Q,0,0,0,0,0,0,0,0,0,1,0,1,0,0,0,1,4,0,0,0,0,0,0
R,0,4,0,0,1,0,0,0,0,5,1,0,0,0,0,1,2,8,0,0,0,1,0
S,0,2,0,3,0,0,0,1,0,0,2,0,0,0,0,0,0,1,7,0,0,0,1
T,0,2,0,3,0,0,0,0,0,0,1,0,0,1,0,1,0,0,0,10,0,0,0
V,0,0,0,1,0,0,0,0,0,0,2,0,0,2,0,0,0,0,0,0,6,0,0
W,0,0,0,0,0,0,0,0,0,0,0,0,0,0,0,0,0,0,0,0,0,0,0
Y,0,0,0,0,0,0,0,1,0,2,0,0,0,0,0,0,0,0,0,0,0,0,5
